target,component_1,component_2,component_3,component_4,component_5,component_6,component_7,component_8,component_9,component_10,component_11,component_12
target_viscosity,-41.00667674957432,22.78254223101624,19.189755573908993,16.737325810434907,17.868776774937913,-40.73942623408076,-25.578622838922865,-32.352874194461286,-15.937665557884904,14.52950802314909,-24.082290964554403,19.996757040062512
target_oxidation,-2.072944920099732,10.302924840612222,-3.852056611041606,11.385983262037223,-6.293061345496726,-16.730614939891005,2.073631027281457,-1.0944896132521689,0.39735897107173035,5.183571282741297,-13.226447787924394,8.337206374389108
