detergent_bin,Q1,Q2,Q3,Q4
Q1,4.304666666666666,,200.08636363636361,348.698125
Q2,-2.8100000000000005,8.655,24.168666666666663,73.21571428571428
Q3,-17.655555555555555,0.10999999999999943,3.9699999999999998,11.462
Q4,41.538333333333334,26.550666666666665,-15.958333333333334,13.571111111111112
