detergent_bin,Q1,Q2,Q3,Q4
Q1,38.48866666666667,,86.89090909090909,63.2825
Q2,16.04,69.81928571428571,40.153999999999996,45.480000000000004
Q3,42.74666666666667,31.152307692307694,70.59777777777778,78.215
Q4,58.82916666666667,48.90933333333333,65.495,82.59777777777778
