amine_bin,Q1,Q2,Q3,Q4
Q1,21.651428571428568,2.472,-23.13,-11.687999999999999
Q2,-3.2741666666666664,-5.6226666666666665,41.10777777777778,168.215
Q3,149.47,150.75363636363636,322.83,116.04384615384615
Q4,-21.80333333333333,-9.63,-3.738823529411765,7.962777777777778
