amine_bin,Q1,Q2,Q3,Q4
Q1,72.04523809523809,61.51,15.81,36.888
Q2,50.7075,61.608,43.605555555555554,87.16166666666668
Q3,108.49000000000001,74.0409090909091,51.78857142857142,58.85000000000001
Q4,54.785000000000004,27.94,31.709999999999997,39.64388888888889
