dominant_base_oil,n_scenarios,mean_amine_share,mean_phenol_share,mean_delta_visc,mean_oxidation
Базовое_масло_1,30,0.06970415531513226,0.04836366217735905,1.8393333333333333,37.470666666666666
Базовое_масло_14,24,0.04792981858883542,0.02302065871119023,35.864583333333336,56.50333333333333
Базовое_масло_16,16,0.09809057255906868,0.04911522648319997,-4.4325,47.778125
Базовое_масло_2,10,0.03084983366786632,0.02915014256915264,-3.867,68.261
Базовое_масло_7,7,0.04712712822270059,0.06889663350426635,-2.6785714285714284,83.62714285714286
Базовое_масло_6,7,0.043279157513904584,0.0005654785220254398,49.19428571428572,40.60285714285715
Базовое_масло_5,1,0.09834723867925682,0.000736422001218063,10.1,16.13
Базовое_масло_3,1,0.12652495835410016,0.06046176434931368,-26.8,16.45
