phenol_bin,Q1,Q2,Q3,Q4
Q1,18.076923076923077,443.6,353.7547368421053,12.854999999999999
Q2,-13.9875,32.335,50.096363636363634,-16.14272727272727
Q3,14.157499999999999,-14.843684210526314,85.088,2.68
Q4,0.5133333333333331,26.619999999999997,72.84166666666665,0.5168181818181815
