phenol_bin,Q1,Q2,Q3,Q4
Q1,55.95,95.05,63.025263157894734,41.4125
Q2,29.904999999999998,56.018125,53.367272727272734,14.17181818181818
Q3,82.05499999999999,57.155789473684216,91.55,134.0
Q4,52.888888888888886,55.136,64.62333333333333,44.914545454545454
