target_name,model_name,rmse,mae,r2
oxidation,oxidation_backbone_ridge,30.541124727627455,23.28881494761525,0.2803954262300399
oxidation,oxidation_direct_addon_ridge_v3,31.87689878681585,23.879519941796193,0.2160723391563083
oxidation,oxidation_backbone_plus_residual_ridge_v3,32.42228282969705,25.095130945715383,0.1890183236798053
oxidation,oxidation_backbone_plus_residual_pls_v3,34.35099810353741,27.066007282539204,0.08966218670727333
oxidation,oxidation_direct_addon_pls_v3,34.580874937883195,26.22755325537806,0.07743746027876319
viscosity,viscosity_backbone_mlp,198.89115028020763,80.7860492026907,-0.02530036464677532
viscosity,viscosity_backbone_plus_residual_ridge_v3,260.75980448309974,171.0855059415281,-0.7623878346183104
