config,rmse,mae,r2,target
oxidation_gated_medium,20.965094485062025,14.531170845031738,0.660908043384552,oxidation
oxidation_gated_small,25.39456459821299,17.93439483642578,0.5024858713150024,oxidation
