config,rmse,mae,r2,target
viscosity_gated_medium,111.10955847439499,40.62969207763672,0.680019736289978,viscosity
viscosity_gated_small,122.25600301595624,46.558414459228516,0.6125990152359009,viscosity
