detergent_bin,Q1,Q2,Q3,Q4
Q1,4.304666666666666,,199.123,340.52294117647057
Q2,-2.8100000000000005,10.116153846153846,22.011875,73.21571428571428
Q3,-17.655555555555555,-1.1264285714285718,6.616249999999999,11.462
Q4,41.538333333333334,26.550666666666665,-15.131428571428572,16.53875
