detergent_bin,Q1,Q2,Q3,Q4
Q1,38.48866666666667,,86.16499999999999,65.09823529411766
Q2,16.04,73.24615384615385,39.22375,45.480000000000004
Q3,42.74666666666667,31.732142857142858,74.51375,78.215
Q4,58.82916666666667,48.90933333333333,60.41857142857143,89.1775
