{
  "best_model": "ridge_cv",
  "selected_feature_count": 209,
  "dropped_feature_count": 29,
  "cv_summary": [
    {
      "mae_viscosity": 51.74680461735555,
      "mae_oxidation": 18.5026859274694,
      "rmse_viscosity": 154.58166243729502,
      "rmse_oxidation": 25.522571822385792,
      "r2_viscosity": 0.3806499927544841,
      "r2_oxidation": 0.497457579364745,
      "nmae_viscosity_iqr": 1.058216871595772,
      "nmae_oxidation_iqr": 0.3060318447252033,
      "mean_nmae_iqr": 0.6821243581604877,
      "model_name": "ridge_cv",
      "n_features_input": 209,
      "n_folds": 25
    },
    {
      "mae_viscosity": 52.916616147779365,
      "mae_oxidation": 20.419857233101716,
      "rmse_viscosity": 154.37141884445904,
      "rmse_oxidation": 26.877420262866124,
      "r2_viscosity": 0.3823335795091386,
      "r2_oxidation": 0.44268719417766755,
      "nmae_viscosity_iqr": 1.082139397966928,
      "nmae_oxidation_iqr": 0.3377415907381233,
      "mean_nmae_iqr": 0.7099404943525257,
      "model_name": "elastic_cv",
      "n_features_input": 209,
      "n_folds": 25
    }
  ],
  "best_model_details": {
    "ridge_alphas_per_target": [
      100.0,
      100.0
    ]
  },
  "artifacts": {
    "summary_csv": "baseline_cv_summary.csv",
    "best_model_joblib": "baseline_best_model.joblib",
    "test_predictions_csv": "baseline_test_predictions.csv",
    "oof_prediction_files": {
      "ridge_cv": "ridge_cv_oof_predictions.csv",
      "elastic_cv": "elastic_cv_oof_predictions.csv"
    }
  }
}